k,perplexity,n_features,n_docs
4,599.5239946724294,1713,798
5,589.9541122177534,1713,798
6,594.3550804293898,1713,798
7,587.7995231758646,1713,798
8,587.6762550717583,1713,798
